Username,Password,FullName
USERNAME0,password0,fullname0
USERNAME1,password1,fullname1
USERNAME2,password2,fullname2
USERNAME3,password3,fullname3
USERNAME4,password4,fullname4
USERNAME5,password5,fullname5
USERNAME6,password6,fullname6
USERNAME7,password7,fullname7
USERNAME8,password8,fullname8
USERNAME9,password9,fullname9
USERNAME10,password10,fullname10
USERNAME11,password11,fullname11
USERNAME12,password12,fullname12
USERNAME13,password13,fullname13
USERNAME14,password14,fullname14
USERNAME15,password15,fullname15
USERNAME16,password16,fullname16
USERNAME17,password17,fullname17
USERNAME18,password18,fullname18
USERNAME19,password19,fullname19
USERNAME20,password20,fullname20
USERNAME21,password21,fullname21
USERNAME22,password22,fullname22
USERNAME23,password23,fullname23
USERNAME24,password24,fullname24
USERNAME25,password25,fullname25
USERNAME26,password26,fullname26
USERNAME27,password27,fullname27
USERNAME28,password28,fullname28
USERNAME29,password29,fullname29
USERNAME30,password30,fullname30
USERNAME31,password31,fullname31
USERNAME32,password32,fullname32
USERNAME33,password33,fullname33
USERNAME34,password34,fullname34
USERNAME35,password35,fullname35
USERNAME36,password36,fullname36
USERNAME37,password37,fullname37
USERNAME38,password38,fullname38
USERNAME39,password39,fullname39
USERNAME40,password40,fullname40
USERNAME41,password41,fullname41
USERNAME42,password42,fullname42
USERNAME43,password43,fullname43
USERNAME44,password44,fullname44
USERNAME45,password45,fullname45
USERNAME46,password46,fullname46
USERNAME47,password47,fullname47
USERNAME48,password48,fullname48
USERNAME49,password49,fullname49
USERNAME50,password50,fullname50
USERNAME51,password51,fullname51
USERNAME52,password52,fullname52
USERNAME53,password53,fullname53
USERNAME54,password54,fullname54
USERNAME55,password55,fullname55
USERNAME56,password56,fullname56
USERNAME57,password57,fullname57
USERNAME58,password58,fullname58
USERNAME59,password59,fullname59
USERNAME60,password60,fullname60
USERNAME61,password61,fullname61
USERNAME62,password62,fullname62
USERNAME63,password63,fullname63
USERNAME64,password64,fullname64
USERNAME65,password65,fullname65
USERNAME66,password66,fullname66
USERNAME67,password67,fullname67
USERNAME68,password68,fullname68
USERNAME69,password69,fullname69
USERNAME70,password70,fullname70
USERNAME71,password71,fullname71
USERNAME72,password72,fullname72
USERNAME73,password73,fullname73
USERNAME74,password74,fullname74
USERNAME75,password75,fullname75
USERNAME76,password76,fullname76
USERNAME77,password77,fullname77
USERNAME78,password78,fullname78
USERNAME79,password79,fullname79
USERNAME80,password80,fullname80
USERNAME81,password81,fullname81
USERNAME82,password82,fullname82
USERNAME83,password83,fullname83
USERNAME84,password84,fullname84
USERNAME85,password85,fullname85
USERNAME86,password86,fullname86
USERNAME87,password87,fullname87
USERNAME88,password88,fullname88
USERNAME89,password89,fullname89
USERNAME90,password90,fullname90
USERNAME91,password91,fullname91
USERNAME92,password92,fullname92
USERNAME93,password93,fullname93
USERNAME94,password94,fullname94
USERNAME95,password95,fullname95
USERNAME96,password96,fullname96
USERNAME97,password97,fullname97
USERNAME98,password98,fullname98
USERNAME99,password99,fullname99
FSADFSAK,dsad,"big,fap,69"
JSKADA,ghqwe,"john,snow,RIP"
group1softeng,123,"Gapi, Kevin, T"
